{
  "mb-domars16k": [
    0.7818502187728882,
    0.8834587335586548
  ],
  "mb-landmark_cls": [
    0.860441267490387,
    0.9160093665122986
  ],
  "mb-surface_multi_label_cls": [
    0.6135721802711487,
    0.8329793810844421
  ],
  "mb-surface_cls": [
    0.8233500719070435,
    0.8767434358596802
  ],
  "mb-atmospheric_dust_cls_edr": [
    0.9372736215591432,
    0.9509064555168152
  ],
  "mb-atmospheric_dust_cls_rdr": [
    0.9345941543579102,
    0.962604522705078
  ],
  "mb-change_cls_ctx": [
    0.7111111283302307,
    0.7111111283302307
  ],
  "mb-change_cls_hirise": [
    0.9419902563095092,
    0.9910846948623656
  ],
  "mb-frost_cls": [
    0.890634298324585,
    0.9515823125839232
  ]
}
