{
  "mb-boulder_seg": [
    0.0303363017737865,
    0.5476695895195007
  ],
  "mb-conequest_seg": [
    0.5506435036659241,
    0.6342258453369141
  ],
  "mb-mars_seg_mer": [
    0.2213989049196243,
    0.2483112514019012
  ],
  "mb-mars_seg_msl": [
    0.233632206916809,
    0.263746440410614
  ],
  "mb-mmls": [
    0.2756548821926117,
    0.5314125418663025
  ],
  "mb-s5mars": [
    0.1541460752487182,
    0.1840362101793289
  ],
  "mb-crater_binary_seg": [
    0.6484241485595703,
    0.7324976325035095
  ],
  "mb-crater_multi_seg": [
    0.2614955604076385,
    0.3137590289115906
  ]
}
