{
  "mb-boulder_seg": [
    0.030336301773786545,
    0.5476695895195007
  ],
  "mb-conequest_seg": [
    0.5506435036659241,
    0.6342258453369141
  ],
  "mb-mars_seg_mer": [
    0.22139890491962433,
    0.24831125140190125
  ],
  "mb-mars_seg_msl": [
    0.23363220691680908,
    0.263746440410614
  ],
  "mb-mmls": [
    0.2756548821926117,
    0.5314125418663025
  ],
  "mb-s5mars": [
    0.15414607524871826,
    0.18403621017932892
  ],
  "mb-crater_binary_seg": [
    0.6484241485595703,
    0.7324976325035095
  ],
  "mb-crater_multi_seg": [
    0.26149556040763855,
    0.3137590289115906
  ]
}
