{
  "mb-atmospheric_dust_cls_edr": [
    0.7107309103012085,
    0.9583191871643066
  ],
  "mb-atmospheric_dust_cls_rdr": [
    0.8183599710464478,
    0.9629873037338256
  ],
  "mb-change_cls_ctx": [
    0.0666666701436042,
    1.0
  ],
  "mb-change_cls_hirise": [
    0.5141593217849731,
    0.9910846948623656
  ],
  "mb-domars16k": [
    0.5684912204742432,
    0.8834587335586548
  ],
  "mb-frost_cls": [
    0.8144954442977905,
    0.966359555721283
  ],
  "mb-landmark_cls": [
    0.0393109731376171,
    0.9160093665122986
  ],
  "mb-surface_cls": [
    0.0554739907383918,
    0.8767434358596802
  ],
  "mb-surface_multi_label_cls": [
    0.4151676297187805,
    0.8329793810844421
  ]
}
