{
  "mb-boulder_seg": [
    NaN,
    NaN
  ],
  "mb-conequest_seg": [
    0.082228697836399,
    0.6342258453369141
  ],
  "mb-crater_binary_seg": [
    0.0081124762073159,
    0.7324976325035095
  ],
  "mb-crater_multi_seg": [
    0.0053304005414247,
    0.3407726883888244
  ],
  "mb-mars_seg_mer": [
    0.0037570027634501,
    0.4096368253231048
  ],
  "mb-mars_seg_msl": [
    0.0016794851981103,
    0.4032984673976898
  ],
  "mb-mmls": [
    0.2117581218481064,
    0.5314125418663025
  ],
  "mb-s5mars": [
    NaN,
    NaN
  ]
}
