{
  "mb-domars16k": [
    0.1262782216072082,
    0.73790043592453
  ],
  "mb-landmark_cls": [
    0.0372211262583732,
    0.8175504207611084
  ],
  "mb-surface_multi_label_cls": [
    0.3345091938972473,
    0.800283670425415
  ],
  "mb-surface_cls": [
    0.296452522277832,
    0.7135562896728516
  ],
  "mb-atmospheric_dust_cls_edr": [
    0.3100897073745727,
    0.9470731019973756
  ],
  "mb-atmospheric_dust_cls_rdr": [
    0.2891318202018738,
    0.9608546495437622
  ],
  "mb-change_cls_hirise": [
    0.0235718786716461,
    0.9864521026611328
  ],
  "mb-frost_cls": [
    NaN,
    NaN
  ]
}
